"Category","Advice","Source"
"Age range","56-65 years","pre-filled"
"Gender","Female","pre-filled"
"Lose/maintain/gain weight","Maintain weight","pre-filled"
"Diet name","mediterranean diet","pre-filled"
"Health Pre-Condition","Anemic","pre-filled"
"Foods to increase consumption of","olive oil","['9', 'introduction9', ' Details of the patients’ dietary adherence, energy, nutrients, and food intake (baseline and after 1 year of follow-up) are shown in S1 Text and S1, S2, S3 and S4 Tables.  In the Mediterranean diet group, the main recommendations were abundant use of virgin olive oil for cooking and dressing (≥4 tablespoons/day; 10–15 g/tablespoon); daily consumption of at least 2 servings of vegetables (200 g/serving; at least one serving raw or as salad) and 3 or more units of fresh fruit (125–150 g/unit); weekly consumption of at least 3 servings of legumes (150 g cooked weight/serving), 3 or more servings of fish or seafood (especially oily fish; 100–150 g/serving), and fresh nuts and seeds (3 or more handfuls per week); cooking dishes seasoned with “sofrito” (a slow-cooked homemade sauce with tomato, garlic, onion, aromatic herbs, and olive oil) at least twice a week; a reduction in meat consumption,', 'c4c9d3d4-7573-467d-aac2-035bd1a21b08']"
"Foods to increase consumption of","vegetables","['9', 'introduction9', ' Details of the patients’ dietary adherence, energy, nutrients, and food intake (baseline and after 1 year of follow-up) are shown in S1 Text and S1, S2, S3 and S4 Tables.  In the Mediterranean diet group, the main recommendations were abundant use of virgin olive oil for cooking and dressing (≥4 tablespoons/day; 10–15 g/tablespoon); daily consumption of at least 2 servings of vegetables (200 g/serving; at least one serving raw or as salad) and 3 or more units of fresh fruit (125–150 g/unit); weekly consumption of at least 3 servings of legumes (150 g cooked weight/serving), 3 or more servings of fish or seafood (especially oily fish; 100–150 g/serving), and fresh nuts and seeds (3 or more handfuls per week); cooking dishes seasoned with “sofrito” (a slow-cooked homemade sauce with tomato, garlic, onion, aromatic herbs, and olive oil) at least twice a week; a reduction in meat consumption,', 'c4c9d3d4-7573-467d-aac2-035bd1a21b08']"
"Foods to increase consumption of","fruits","['9', 'introduction9', ' Details of the patients’ dietary adherence, energy, nutrients, and food intake (baseline and after 1 year of follow-up) are shown in S1 Text and S1, S2, S3 and S4 Tables.  In the Mediterranean diet group, the main recommendations were abundant use of virgin olive oil for cooking and dressing (≥4 tablespoons/day; 10–15 g/tablespoon); daily consumption of at least 2 servings of vegetables (200 g/serving; at least one serving raw or as salad) and 3 or more units of fresh fruit (125–150 g/unit); weekly consumption of at least 3 servings of legumes (150 g cooked weight/serving), 3 or more servings of fish or seafood (especially oily fish; 100–150 g/serving), and fresh nuts and seeds (3 or more handfuls per week); cooking dishes seasoned with “sofrito” (a slow-cooked homemade sauce with tomato, garlic, onion, aromatic herbs, and olive oil) at least twice a week; a reduction in meat consumption,', 'c4c9d3d4-7573-467d-aac2-035bd1a21b08']"
"Foods to increase consumption of","legumes","['9', 'introduction9', ' Details of the patients’ dietary adherence, energy, nutrients, and food intake (baseline and after 1 year of follow-up) are shown in S1 Text and S1, S2, S3 and S4 Tables.  In the Mediterranean diet group, the main recommendations were abundant use of virgin olive oil for cooking and dressing (≥4 tablespoons/day; 10–15 g/tablespoon); daily consumption of at least 2 servings of vegetables (200 g/serving; at least one serving raw or as salad) and 3 or more units of fresh fruit (125–150 g/unit); weekly consumption of at least 3 servings of legumes (150 g cooked weight/serving), 3 or more servings of fish or seafood (especially oily fish; 100–150 g/serving), and fresh nuts and seeds (3 or more handfuls per week); cooking dishes seasoned with “sofrito” (a slow-cooked homemade sauce with tomato, garlic, onion, aromatic herbs, and olive oil) at least twice a week; a reduction in meat consumption,', 'c4c9d3d4-7573-467d-aac2-035bd1a21b08']"
"Foods to increase consumption of","fish","['9', 'introduction9', ' Details of the patients’ dietary adherence, energy, nutrients, and food intake (baseline and after 1 year of follow-up) are shown in S1 Text and S1, S2, S3 and S4 Tables.  In the Mediterranean diet group, the main recommendations were abundant use of virgin olive oil for cooking and dressing (≥4 tablespoons/day; 10–15 g/tablespoon); daily consumption of at least 2 servings of vegetables (200 g/serving; at least one serving raw or as salad) and 3 or more units of fresh fruit (125–150 g/unit); weekly consumption of at least 3 servings of legumes (150 g cooked weight/serving), 3 or more servings of fish or seafood (especially oily fish; 100–150 g/serving), and fresh nuts and seeds (3 or more handfuls per week); cooking dishes seasoned with “sofrito” (a slow-cooked homemade sauce with tomato, garlic, onion, aromatic herbs, and olive oil) at least twice a week; a reduction in meat consumption,', 'c4c9d3d4-7573-467d-aac2-035bd1a21b08']"
"Foods to increase consumption of","nuts","['9', 'introduction9', ' Details of the patients’ dietary adherence, energy, nutrients, and food intake (baseline and after 1 year of follow-up) are shown in S1 Text and S1, S2, S3 and S4 Tables.  In the Mediterranean diet group, the main recommendations were abundant use of virgin olive oil for cooking and dressing (≥4 tablespoons/day; 10–15 g/tablespoon); daily consumption of at least 2 servings of vegetables (200 g/serving; at least one serving raw or as salad) and 3 or more units of fresh fruit (125–150 g/unit); weekly consumption of at least 3 servings of legumes (150 g cooked weight/serving), 3 or more servings of fish or seafood (especially oily fish; 100–150 g/serving), and fresh nuts and seeds (3 or more handfuls per week); cooking dishes seasoned with “sofrito” (a slow-cooked homemade sauce with tomato, garlic, onion, aromatic herbs, and olive oil) at least twice a week; a reduction in meat consumption,', 'c4c9d3d4-7573-467d-aac2-035bd1a21b08']"
"Foods to increase consumption of","whole grains","['17', 'results0', 'Characteristics In this study of 25\u2009317 participants free of type 2 diabetes at baseline, and the mean (SD) age was 52.9 (9.9) years. Participants with higher baseline Mediterranean (MED) intake had a higher intake of fruits, legumes, whole grains, vegetables, nuts, fish, and ratio of monounsaturated to saturated fatty acids and lower consumption of alcohol and red and processed meat intake (P for trend\u2009<\u2009.001) (eTable 1 in the Supplement). Higher Mediterranean (MED) intake was generally associated with better biomarker profiles, except for 9 biomarkers that were similar across Mediterranean (MED) categories, including HbA1c, which did not differ across categories of Mediterranean (MED) intake (Table 1).  Table 1.', 'e2be4b26-be23-498f-b4cd-0badeb1e1c79']"
"Foods to avoid","red meat","['36', 'introduction36', '  Mediterranean food (pasta and rice; whole-grain bread, brown rice, legumes; fruit; green vegetables; fish, poultry; nonfat or low-fat dairy products; olive oil) had assigned a score of 0: no consumption, a score of 1 for 1 to 4 times/w, 2 for 5 to 8 times/w, 3 for 9 to 11 times/w, 4 for 12 to 14 times/w, and 5 for more than 14 times/w; for westernized food (red meat; dairy products-butter; potatoes and eggs; cakes) opposite scores were assigned (i.e., 0 when a participant reported more than 5 weekly consumption to: 5 for no weekly consumption, score 4 for 1 weekly consumption, 3 for 2 weekly consumption, 2 for 4 weekly consumption, 1 for 5 weekly consumption); wine and alcoholics (0-10 g of alcoholics from red wine for women score 5; 0-20 g of alcoholics from red wine for men score 5; each increment of 10 determines negative scores (20-30 = -1. 30-40 = -2. 40-50 = -3.', '1eb9fb6b-8134-4b1b-b16d-689bfd4ed2a8']"
"Foods to avoid","processed meat","['36', 'introduction36', '  Mediterranean food (pasta and rice; whole-grain bread, brown rice, legumes; fruit; green vegetables; fish, poultry; nonfat or low-fat dairy products; olive oil) had assigned a score of 0: no consumption, a score of 1 for 1 to 4 times/w, 2 for 5 to 8 times/w, 3 for 9 to 11 times/w, 4 for 12 to 14 times/w, and 5 for more than 14 times/w; for westernized food (red meat; dairy products-butter; potatoes and eggs; cakes) opposite scores were assigned (i.e., 0 when a participant reported more than 5 weekly consumption to: 5 for no weekly consumption, score 4 for 1 weekly consumption, 3 for 2 weekly consumption, 2 for 4 weekly consumption, 1 for 5 weekly consumption); wine and alcoholics (0-10 g of alcoholics from red wine for women score 5; 0-20 g of alcoholics from red wine for men score 5; each increment of 10 determines negative scores (20-30 = -1. 30-40 = -2. 40-50 = -3.', '1eb9fb6b-8134-4b1b-b16d-689bfd4ed2a8']"
"Foods to avoid","sweets","['9', 'methods9', ' The two principal goals for intervention arms were a 5–10% weight loss and an increase in the level of adherence to the Mediterranean diet, i.e., a dietary pattern characterized by high consumption of olive oil, vegetables, legumes, whole grains, fruits and nuts, moderate consumption of poultry, fish and dairy products, low consumption of red meat products and sweets, and low-to-moderate consumption of wine as the main source of alcohol accompanying main meals (Supplemental Results Table S1) [22].', 'c93d98d2-7c8c-4f19-8d58-0533bd283ec8']"
"Foods to avoid","commercial pastries","['11', 'introduction11', ' Specifically, they were advised to minimize the amount of oil used for cooking and dressing (≤2 tablespoons/day); not to eat more than 1 serving of red meat per week; choosing low-fat dairy products; consumption of lean fish instead of oily fish or fish/seafood canned in oil (≤1 serving/week); avoidance of nuts and seeds (≤1 serving/ week); to limit the consumption of commercial bakery goods, sweets, and pastries (≤ 1 serving/week); and to cook without the use of oil.  S4 Table provides the intake of main food groups at baseline and after 1 year of intervention. The consumption of whole grains (unrefined) instead of refined grains was recommended in both dietary intervention groups. Patients increased the intake of whole grains and reduced those refined grains after both the Mediterranean diet and the low-fat diet.', 'a38a245f-7889-4311-a938-044cccb4084e']"
"Foods to avoid","sugar-sweetened beverages","['9', 'introduction9', ' Details of the patients’ dietary adherence, energy, nutrients, and food intake (baseline and after 1 year of follow-up) are shown in S1 Text and S1, S2, S3 and S4 Tables.  In the Mediterranean diet group, the main recommendations were abundant use of virgin olive oil for cooking and dressing (≥4 tablespoons/day; 10–15 g/tablespoon); daily consumption of at least 2 servings of vegetables (200 g/serving; at least one serving raw or as salad) and 3 or more units of fresh fruit (125–150 g/unit); weekly consumption of at least 3 servings of legumes (150 g cooked weight/serving), 3 or more servings of fish or seafood (especially oily fish; 100–150 g/serving), and fresh nuts and seeds (3 or more handfuls per week); cooking dishes seasoned with “sofrito” (a slow-cooked homemade sauce with tomato, garlic, onion, aromatic herbs, and olive oil) at least twice a week; a reduction in meat consumption,', 'c4c9d3d4-7573-467d-aac2-035bd1a21b08']"
"Foods to avoid","animal fat","['8', 'methods4', ');  2 or more servings of vegetables/d;  3 or more pieces of fruit/d;  fewer than 1 serving of red meat or sausages/d;  fewer than 1 serving of animal fat/d;  fewer than 1 cup (1 cup =100\xa0mL) of sugar-sweetened beverages/d;  7 or more servings of red wine/wk.;  3 or more servings of pulses/wk.;  3 or more servings of fish/wk.;  fewer than 3 commercial pastries/wk.;  3 or more servings of nuts/wk.; or  2 or more servings/wk. of a dish with a traditional sauce of tomatoes, garlic, onion, or leeks sautéed in olive oil.   Table 1 Mediterranean Diet Adherence Screener (MEDAS) questions and transfer of food intake data from Food Frequency Questionnaire (FFQ) into its food groups  \tMediterranean Diet Adherence Screener (MEDAS) question\tdata recorded by Food Frequency Questionnaire (FFQ)\t 1.', '56a50f13-ca2f-45cd-b7b5-a6a0fc6d1f96']"
"Foods to avoid","fried foods","['2', 'introduction2', ' The low-fat diet counseling included encouraging lean fish and poultry, low-fat dairy products, fruits, vegetables, and starches including bread, pasta, potatoes, and rice while minimizing use of oils, nuts, fatty fish and meats, commercial baked goods, and fried foods. Objective compliance to the respective Mediterranean diet intervention was tested with plasma alpha-linoleic acid (nuts group) and urine hydroxytyrosol (extra virgin olive oil (EVOO) group) at baseline, 1, 3, and 5 years, respectively. The trial was terminated early, after interim analysis revealed a dramatic divergence for the primary end point between the groups at median follow-up of 4.8 years. Analysis revealed an impressive relative risk reduction of 30% in the primary composite outcome (acute myocardial infarction, stroke, or death from CV causes) for the two MedDiet groups compared to the low-fat control diet group (Fig.\xa01)6. The reduction of Cardiovascular disease (CVD) was particularly evident for stroke.Fig.', '3e5e041b-e055-4e71-b900-4b3aef41d1e2']"
"Foods to avoid","refined grains","['11', 'introduction11', ' Specifically, they were advised to minimize the amount of oil used for cooking and dressing (≤2 tablespoons/day); not to eat more than 1 serving of red meat per week; choosing low-fat dairy products; consumption of lean fish instead of oily fish or fish/seafood canned in oil (≤1 serving/week); avoidance of nuts and seeds (≤1 serving/ week); to limit the consumption of commercial bakery goods, sweets, and pastries (≤ 1 serving/week); and to cook without the use of oil.  S4 Table provides the intake of main food groups at baseline and after 1 year of intervention. The consumption of whole grains (unrefined) instead of refined grains was recommended in both dietary intervention groups. Patients increased the intake of whole grains and reduced those refined grains after both the Mediterranean diet and the low-fat diet.', 'a38a245f-7889-4311-a938-044cccb4084e']"
"Macros: Percent of Fat","25-30%","['28', 'methods33', ' 55–60% carbohydrates (mainly complex ones)  25–30% polyunsaturated and monounsaturated fats  15–20% proteins  \tMediterranean diet Dietary intake measure: The adherence to the MD was evaluated by a score from 0 to 18 (0 minimal adherence; 18 greatest adherence) Normal weight controls followed a typical Mediterranean diet enriched with 40 g/die HQ-EVOO for three months. 55–60% carbohydrates, mainly complex ones  25–30% polyunsaturated and monounsaturated fats  15–20% proteins  \tData not available\t Thomazella et al. (2011)\tMediterranean diet Dietary intake measure: dietary intake questionnaires and validated adherence scores from 0-9 (9 indicating best adherence).', 'dc5d3d33-d84c-4ede-ac15-85ff9e7a34b9']"
"Percent of Protein","15-20%","['28', 'methods33', ' 55–60% carbohydrates (mainly complex ones)  25–30% polyunsaturated and monounsaturated fats  15–20% proteins  \tMediterranean diet Dietary intake measure: The adherence to the MD was evaluated by a score from 0 to 18 (0 minimal adherence; 18 greatest adherence) Normal weight controls followed a typical Mediterranean diet enriched with 40 g/die HQ-EVOO for three months. 55–60% carbohydrates, mainly complex ones  25–30% polyunsaturated and monounsaturated fats  15–20% proteins  \tData not available\t Thomazella et al. (2011)\tMediterranean diet Dietary intake measure: dietary intake questionnaires and validated adherence scores from 0-9 (9 indicating best adherence).', 'dc5d3d33-d84c-4ede-ac15-85ff9e7a34b9']"
"Percent of Carbs","55-60%","['28', 'methods33', ' 55–60% carbohydrates (mainly complex ones)  25–30% polyunsaturated and monounsaturated fats  15–20% proteins  \tMediterranean diet Dietary intake measure: The adherence to the MD was evaluated by a score from 0 to 18 (0 minimal adherence; 18 greatest adherence) Normal weight controls followed a typical Mediterranean diet enriched with 40 g/die HQ-EVOO for three months. 55–60% carbohydrates, mainly complex ones  25–30% polyunsaturated and monounsaturated fats  15–20% proteins  \tData not available\t Thomazella et al. (2011)\tMediterranean diet Dietary intake measure: dietary intake questionnaires and validated adherence scores from 0-9 (9 indicating best adherence).', 'dc5d3d33-d84c-4ede-ac15-85ff9e7a34b9']"
