"Category","Advice","Source"
"Age range","26-35 years","pre-filled"
"Gender","Any","pre-filled"
"Lose/maintain/gain weight","Maintain weight","pre-filled"
"Diet name","nordic diet","pre-filled"
"Health Pre-Condition","Maintain weight","['2', 'abstract2', '13039/501100012704 Ministry of Education and Research (Kunnskapsdepartementet) 10.13039/501100009245 Norwegian Ministry of Health and Care services source-schema-version-number2.0 cover-dateApril 2021 details-of-publishers-convertorConverter:WILEY_ML3GV2_TO_JATSPMC version:6.0.0 mode:remove_FC converted:24.03.2021 Agnihotri N , Øverby NC , Bere E , Wills AK , Brantsæter AL , Hillesund ER . Childhood adherence to a potentially healthy and sustainable Nordic diet and later overweight: The Norwegian Mother, Father and Child Cohort Study (MoBa). Matern Child Nutr. 2021;17 :e13101. 10.1111/mcn.13101 ==== Body Key messages  Dietary patterns established early in life may have an impact on later risk of childhood overweight/obesity.  The New Nordic Diet is a potentially healthy and sustainable dietary pattern with foods from the Nordic countries. Little is known regarding compliance to the diet in early childhood and its association with later weight status in children.', '9ddd5f13-a3b4-4a83-8955-f2aca71f8b65']"
"Foods to increase consumption of","whole-grain products","['12', 'methods9', '235 (2007) based on Danish National Food administration database, Denmark, and The Icelandic Food Composition Database (Icelandic Food Composition Database (ISGEM)), Iceland].  In the Healthy Nordic diet, the main emphasis was on food items such as whole-grain products, abundant use of berries, fruit and vegetables, rapeseed oil, three fish meals per week, low-fat dairy products and avoidance of sugar-sweetened products (Table 1). Key products were provided to the study participants in both groups. The participants in the Healthy Nordic diet group received whole-grain products, for example, various breads, berry products as frozen berries (e.g. strawberries, black currants, bilberries) and dried powder as well as dietary fats including rapeseed oil- and vegetable oil-based spreads. Local fruits (not provided) were mostly apples, pears and plums. Furthermore, either fish was directly provided or the expenses for consuming fish were covered to the study participants.', 'a9eaa0c0-d7a8-4872-9fa9-67d59fd6452e']"
"Foods to increase consumption of","berries","['12', 'methods9', '235 (2007) based on Danish National Food administration database, Denmark, and The Icelandic Food Composition Database (Icelandic Food Composition Database (ISGEM)), Iceland].  In the Healthy Nordic diet, the main emphasis was on food items such as whole-grain products, abundant use of berries, fruit and vegetables, rapeseed oil, three fish meals per week, low-fat dairy products and avoidance of sugar-sweetened products (Table 1). Key products were provided to the study participants in both groups. The participants in the Healthy Nordic diet group received whole-grain products, for example, various breads, berry products as frozen berries (e.g. strawberries, black currants, bilberries) and dried powder as well as dietary fats including rapeseed oil- and vegetable oil-based spreads. Local fruits (not provided) were mostly apples, pears and plums. Furthermore, either fish was directly provided or the expenses for consuming fish were covered to the study participants.', 'a9eaa0c0-d7a8-4872-9fa9-67d59fd6452e']"
"Foods to increase consumption of","fruit","['12', 'methods9', '235 (2007) based on Danish National Food administration database, Denmark, and The Icelandic Food Composition Database (Icelandic Food Composition Database (ISGEM)), Iceland].  In the Healthy Nordic diet, the main emphasis was on food items such as whole-grain products, abundant use of berries, fruit and vegetables, rapeseed oil, three fish meals per week, low-fat dairy products and avoidance of sugar-sweetened products (Table 1). Key products were provided to the study participants in both groups. The participants in the Healthy Nordic diet group received whole-grain products, for example, various breads, berry products as frozen berries (e.g. strawberries, black currants, bilberries) and dried powder as well as dietary fats including rapeseed oil- and vegetable oil-based spreads. Local fruits (not provided) were mostly apples, pears and plums. Furthermore, either fish was directly provided or the expenses for consuming fish were covered to the study participants.', 'a9eaa0c0-d7a8-4872-9fa9-67d59fd6452e']"
"Foods to increase consumption of","vegetables","['12', 'methods9', '235 (2007) based on Danish National Food administration database, Denmark, and The Icelandic Food Composition Database (Icelandic Food Composition Database (ISGEM)), Iceland].  In the Healthy Nordic diet, the main emphasis was on food items such as whole-grain products, abundant use of berries, fruit and vegetables, rapeseed oil, three fish meals per week, low-fat dairy products and avoidance of sugar-sweetened products (Table 1). Key products were provided to the study participants in both groups. The participants in the Healthy Nordic diet group received whole-grain products, for example, various breads, berry products as frozen berries (e.g. strawberries, black currants, bilberries) and dried powder as well as dietary fats including rapeseed oil- and vegetable oil-based spreads. Local fruits (not provided) were mostly apples, pears and plums. Furthermore, either fish was directly provided or the expenses for consuming fish were covered to the study participants.', 'a9eaa0c0-d7a8-4872-9fa9-67d59fd6452e']"
"Foods to increase consumption of","rapeseed oil","['12', 'methods9', '235 (2007) based on Danish National Food administration database, Denmark, and The Icelandic Food Composition Database (Icelandic Food Composition Database (ISGEM)), Iceland].  In the Healthy Nordic diet, the main emphasis was on food items such as whole-grain products, abundant use of berries, fruit and vegetables, rapeseed oil, three fish meals per week, low-fat dairy products and avoidance of sugar-sweetened products (Table 1). Key products were provided to the study participants in both groups. The participants in the Healthy Nordic diet group received whole-grain products, for example, various breads, berry products as frozen berries (e.g. strawberries, black currants, bilberries) and dried powder as well as dietary fats including rapeseed oil- and vegetable oil-based spreads. Local fruits (not provided) were mostly apples, pears and plums. Furthermore, either fish was directly provided or the expenses for consuming fish were covered to the study participants.', 'a9eaa0c0-d7a8-4872-9fa9-67d59fd6452e']"
"Foods to increase consumption of","fish","['12', 'methods9', '235 (2007) based on Danish National Food administration database, Denmark, and The Icelandic Food Composition Database (Icelandic Food Composition Database (ISGEM)), Iceland].  In the Healthy Nordic diet, the main emphasis was on food items such as whole-grain products, abundant use of berries, fruit and vegetables, rapeseed oil, three fish meals per week, low-fat dairy products and avoidance of sugar-sweetened products (Table 1). Key products were provided to the study participants in both groups. The participants in the Healthy Nordic diet group received whole-grain products, for example, various breads, berry products as frozen berries (e.g. strawberries, black currants, bilberries) and dried powder as well as dietary fats including rapeseed oil- and vegetable oil-based spreads. Local fruits (not provided) were mostly apples, pears and plums. Furthermore, either fish was directly provided or the expenses for consuming fish were covered to the study participants.', 'a9eaa0c0-d7a8-4872-9fa9-67d59fd6452e']"
"Foods to increase consumption of","low-fat dairy products","['12', 'methods9', '235 (2007) based on Danish National Food administration database, Denmark, and The Icelandic Food Composition Database (Icelandic Food Composition Database (ISGEM)), Iceland].  In the Healthy Nordic diet, the main emphasis was on food items such as whole-grain products, abundant use of berries, fruit and vegetables, rapeseed oil, three fish meals per week, low-fat dairy products and avoidance of sugar-sweetened products (Table 1). Key products were provided to the study participants in both groups. The participants in the Healthy Nordic diet group received whole-grain products, for example, various breads, berry products as frozen berries (e.g. strawberries, black currants, bilberries) and dried powder as well as dietary fats including rapeseed oil- and vegetable oil-based spreads. Local fruits (not provided) were mostly apples, pears and plums. Furthermore, either fish was directly provided or the expenses for consuming fish were covered to the study participants.', 'a9eaa0c0-d7a8-4872-9fa9-67d59fd6452e']"
"Foods to eat in moderation","red meat","['7', 'methods7', ' Also, the proportion from each New Nordic Diet (NND) adherence category meeting the following quantitative Norwegian food recommendations was calculated; ‘Eat at least five portions of vegetables, fruits, and berries every day’, ‘Eat whole grains every day’, ‘Eat fish for dinner two to three times a week and preferably also as sandwich spread’, ‘Choose lean meat and lean meat products. Limit the amount of processed meat and red meat’, ‘Choose foods containing little salt, and limit the use of salt for cooking’, and ‘Avoid sugar rich foods and beverages for everyday use’. Calculations were performed in line with the methodology of the Norkost 3 study (24), entailing that for whole meal bread, 40% of the product weight was accounted for as whole grains, while for muesli/mixed cereals, 50% of the product weight was included. Further, cut-offs for compliance were set at 70 g whole grain/day for women and 90 g/day for men.', '9ba19320-1b01-4e66-89a0-59fe4f6be965']"
"Foods to avoid","sugar-rich foods and beverages","['20', 'results9', '56\t 10: ‘Avoid sugar rich foods and beverages for everyday use’.\t<10 E% sugar/day\t88\t87\t96\t0.51\t New Nordic Diet (NND), New Nordic Diet.  * Proportions were calculated using chi-square.  † For those with an average intake of at least 100 g of fruit juice, 100 g of juice were included.  ‡ Includes lean fish, fatty fish, fish products, and selected fish toppings.  § Includes lean, red meat (unprocessed), ground meat, and processed meat (salted meat, minced meat, sandwich meat, and liver paste). ', '73aa275c-4ea3-4b59-8467-8bf6b5e726f4']"
"Macros: Percent of Fat","25-40%","['4', 'introduction4', ' According to the Nordic Nutrition Recommendations (NNR)s, the recommended daily energy distribution (as energy percent, E %) for macronutrients is: 25–40% of total energy intake should be derived from fats, 45–60% from carbohydrates, and 10–20% from protein (7). Since the ND includes several countries, the food-based dietary guidelines (FBDGs) slightly vary for every Nordic country. The daily quantitative recommendations for fruits, vegetables, starchy foods (wholegrain cereals or wholemeal alternatives), fish, and red meat are somewhat similar, while milk and dairy products are not specified in quantitative recommendations for all countries, but all are in concordance that low-fat dairy products should be the preferred choice. All countries advise using “softer and healthier fat” like plant oils and soft margarine, and limitation of salt to 5–6 g/day. An average daily intake of 1.5 L of water or other unsweetened liquids is recommended (9).', '8576e27d-e576-4a42-8525-f5420affae26']"
"Percent of Protein","18.1%","['6', 'results0', 'The New Nordic Diet (NND) compared to Average Danish Diet (ADD) was higher in dietary fiber (43.3 vs 28.6\u2009g/10MJ), higher in protein (18.1 vs 16.4%), lower in fat (30.4 vs 33.8%) (all P<0.001) without differing in available carbohydrates (46.4 vs 45.3% P=0.081).  No differences in baseline characteristics were found between individuals characterized as high and low P/B (all P⩾0.09) (Table 1). Among individuals with a high P/B ratio, the New Nordic Diet (NND) diet resulted in a 3.15\u2009kg (95% CI: 1.55; 4.76, P<0.001) larger body fat loss compared to Average Danish Diet (ADD) after 26 weeks, whereas no difference in body fat loss was observed between New Nordic Diet (NND) and Average Danish Diet (ADD) among individuals with low P/B (0.88\u2009kg (95% CI: −0.61; 2.37, P=0.25)). Consequently, a 2.27\u2009kg (95% CI: 0.09; 4.45, P=0.041) difference in responsiveness to the diets was found between the P/B groups, which came from difference in response to New Nordic Diet (NND) (P=0.', '6dc41b86-88ab-4b56-b5e3-bd222066a713']"
"Percent of Carbs","41.5%","['6', 'results0', 'The New Nordic Diet (NND) compared to Average Danish Diet (ADD) was higher in dietary fiber (43.3 vs 28.6\u2009g/10MJ), higher in protein (18.1 vs 16.4%), lower in fat (30.4 vs 33.8%) (all P<0.001) without differing in available carbohydrates (46.4 vs 45.3% P=0.081).  No differences in baseline characteristics were found between individuals characterized as high and low P/B (all P⩾0.09) (Table 1). Among individuals with a high P/B ratio, the New Nordic Diet (NND) diet resulted in a 3.15\u2009kg (95% CI: 1.55; 4.76, P<0.001) larger body fat loss compared to Average Danish Diet (ADD) after 26 weeks, whereas no difference in body fat loss was observed between New Nordic Diet (NND) and Average Danish Diet (ADD) among individuals with low P/B (0.88\u2009kg (95% CI: −0.61; 2.37, P=0.25)). Consequently, a 2.27\u2009kg (95% CI: 0.09; 4.45, P=0.041) difference in responsiveness to the diets was found between the P/B groups, which came from difference in response to New Nordic Diet (NND) (P=0.', '6dc41b86-88ab-4b56-b5e3-bd222066a713']"
