"Category","Advice","Source"
"Age range","18-25 years","pre-filled"
"Gender","Male","pre-filled"
"Lose/maintain/gain weight","Maintain weight","pre-filled"
"Diet name","mediterranean diet","pre-filled"
"Health Pre-Condition","Normal weight","['3', 'methods3', ' In the current study, we report the results of the analyses of the following subset of variables for each of the participant countries and for the Mediterranean countries (MED) group and non-Mediterranean countries (MED) groups: sociodemographic data (age, sex), health-related information (self-reported diagnosed pathology, weight (kg), and height (m), used to calculate body mass index (BMI, kg/m2)), and food choices. Participants were also classified into (1) age groups (early (18–24 y), middle (25–44 y), and late (45–64 y) adults and senior (≥65 y)), (2) BMI categories (underweight (<18.5kg/m2), normal weight (18.5–24.9 kg/m2), overweight (25.0–29.9 kg/m2), and obesity (≥30 kg/m2)) as defined by the World Health Organization (WHO) [35], and (3) disease status (no declared pathology, 1 pathology, multi-pathology). The nature of the pathologies was classified using the International Statistical Classification of Diseases and Related Health Problems [36].', 'b22ef0f5-f409-4197-b182-c64fe6478b8e']"
"Foods to increase consumption of","olive oil","['9', 'introduction9', ' Details of the patients’ dietary adherence, energy, nutrients, and food intake (baseline and after 1 year of follow-up) are shown in S1 Text and S1, S2, S3 and S4 Tables.  In the Mediterranean diet group, the main recommendations were abundant use of virgin olive oil for cooking and dressing (≥4 tablespoons/day; 10–15 g/tablespoon); daily consumption of at least 2 servings of vegetables (200 g/serving; at least one serving raw or as salad) and 3 or more units of fresh fruit (125–150 g/unit); weekly consumption of at least 3 servings of legumes (150 g cooked weight/serving), 3 or more servings of fish or seafood (especially oily fish; 100–150 g/serving), and fresh nuts and seeds (3 or more handfuls per week); cooking dishes seasoned with “sofrito” (a slow-cooked homemade sauce with tomato, garlic, onion, aromatic herbs, and olive oil) at least twice a week; a reduction in meat consumption,', 'c4c9d3d4-7573-467d-aac2-035bd1a21b08']"
"Foods to increase consumption of","vegetables","['9', 'introduction9', ' Details of the patients’ dietary adherence, energy, nutrients, and food intake (baseline and after 1 year of follow-up) are shown in S1 Text and S1, S2, S3 and S4 Tables.  In the Mediterranean diet group, the main recommendations were abundant use of virgin olive oil for cooking and dressing (≥4 tablespoons/day; 10–15 g/tablespoon); daily consumption of at least 2 servings of vegetables (200 g/serving; at least one serving raw or as salad) and 3 or more units of fresh fruit (125–150 g/unit); weekly consumption of at least 3 servings of legumes (150 g cooked weight/serving), 3 or more servings of fish or seafood (especially oily fish; 100–150 g/serving), and fresh nuts and seeds (3 or more handfuls per week); cooking dishes seasoned with “sofrito” (a slow-cooked homemade sauce with tomato, garlic, onion, aromatic herbs, and olive oil) at least twice a week; a reduction in meat consumption,', 'c4c9d3d4-7573-467d-aac2-035bd1a21b08']"
"Foods to increase consumption of","fruits","['9', 'introduction9', ' Details of the patients’ dietary adherence, energy, nutrients, and food intake (baseline and after 1 year of follow-up) are shown in S1 Text and S1, S2, S3 and S4 Tables.  In the Mediterranean diet group, the main recommendations were abundant use of virgin olive oil for cooking and dressing (≥4 tablespoons/day; 10–15 g/tablespoon); daily consumption of at least 2 servings of vegetables (200 g/serving; at least one serving raw or as salad) and 3 or more units of fresh fruit (125–150 g/unit); weekly consumption of at least 3 servings of legumes (150 g cooked weight/serving), 3 or more servings of fish or seafood (especially oily fish; 100–150 g/serving), and fresh nuts and seeds (3 or more handfuls per week); cooking dishes seasoned with “sofrito” (a slow-cooked homemade sauce with tomato, garlic, onion, aromatic herbs, and olive oil) at least twice a week; a reduction in meat consumption,', 'c4c9d3d4-7573-467d-aac2-035bd1a21b08']"
"Foods to increase consumption of","legumes","['9', 'introduction9', ' Details of the patients’ dietary adherence, energy, nutrients, and food intake (baseline and after 1 year of follow-up) are shown in S1 Text and S1, S2, S3 and S4 Tables.  In the Mediterranean diet group, the main recommendations were abundant use of virgin olive oil for cooking and dressing (≥4 tablespoons/day; 10–15 g/tablespoon); daily consumption of at least 2 servings of vegetables (200 g/serving; at least one serving raw or as salad) and 3 or more units of fresh fruit (125–150 g/unit); weekly consumption of at least 3 servings of legumes (150 g cooked weight/serving), 3 or more servings of fish or seafood (especially oily fish; 100–150 g/serving), and fresh nuts and seeds (3 or more handfuls per week); cooking dishes seasoned with “sofrito” (a slow-cooked homemade sauce with tomato, garlic, onion, aromatic herbs, and olive oil) at least twice a week; a reduction in meat consumption,', 'c4c9d3d4-7573-467d-aac2-035bd1a21b08']"
"Foods to increase consumption of","fish","['9', 'introduction9', ' Details of the patients’ dietary adherence, energy, nutrients, and food intake (baseline and after 1 year of follow-up) are shown in S1 Text and S1, S2, S3 and S4 Tables.  In the Mediterranean diet group, the main recommendations were abundant use of virgin olive oil for cooking and dressing (≥4 tablespoons/day; 10–15 g/tablespoon); daily consumption of at least 2 servings of vegetables (200 g/serving; at least one serving raw or as salad) and 3 or more units of fresh fruit (125–150 g/unit); weekly consumption of at least 3 servings of legumes (150 g cooked weight/serving), 3 or more servings of fish or seafood (especially oily fish; 100–150 g/serving), and fresh nuts and seeds (3 or more handfuls per week); cooking dishes seasoned with “sofrito” (a slow-cooked homemade sauce with tomato, garlic, onion, aromatic herbs, and olive oil) at least twice a week; a reduction in meat consumption,', 'c4c9d3d4-7573-467d-aac2-035bd1a21b08']"
"Foods to increase consumption of","nuts","['9', 'introduction9', ' Details of the patients’ dietary adherence, energy, nutrients, and food intake (baseline and after 1 year of follow-up) are shown in S1 Text and S1, S2, S3 and S4 Tables.  In the Mediterranean diet group, the main recommendations were abundant use of virgin olive oil for cooking and dressing (≥4 tablespoons/day; 10–15 g/tablespoon); daily consumption of at least 2 servings of vegetables (200 g/serving; at least one serving raw or as salad) and 3 or more units of fresh fruit (125–150 g/unit); weekly consumption of at least 3 servings of legumes (150 g cooked weight/serving), 3 or more servings of fish or seafood (especially oily fish; 100–150 g/serving), and fresh nuts and seeds (3 or more handfuls per week); cooking dishes seasoned with “sofrito” (a slow-cooked homemade sauce with tomato, garlic, onion, aromatic herbs, and olive oil) at least twice a week; a reduction in meat consumption,', 'c4c9d3d4-7573-467d-aac2-035bd1a21b08']"
"Foods to eat in moderation","red meat","['9', 'introduction9', ' Details of the patients’ dietary adherence, energy, nutrients, and food intake (baseline and after 1 year of follow-up) are shown in S1 Text and S1, S2, S3 and S4 Tables.  In the Mediterranean diet group, the main recommendations were abundant use of virgin olive oil for cooking and dressing (≥4 tablespoons/day; 10–15 g/tablespoon); daily consumption of at least 2 servings of vegetables (200 g/serving; at least one serving raw or as salad) and 3 or more units of fresh fruit (125–150 g/unit); weekly consumption of at least 3 servings of legumes (150 g cooked weight/serving), 3 or more servings of fish or seafood (especially oily fish; 100–150 g/serving), and fresh nuts and seeds (3 or more handfuls per week); cooking dishes seasoned with “sofrito” (a slow-cooked homemade sauce with tomato, garlic, onion, aromatic herbs, and olive oil) at least twice a week; a reduction in meat consumption,', 'c4c9d3d4-7573-467d-aac2-035bd1a21b08']"
"Foods to eat in moderation","dairy products","['2', 'introduction2', '  Characteristics of the Mediterranean diet The Mediterranean diet focuses on cereals (bread, oats, wholegrain cereals, groats), fruits, vegetables, nuts and legumes, whose consumption should be on a daily basis. These foods are rich in fiber and antioxidants (especially if they are seasonal). Consumption of olive oil replaces other forms of saturated fat, such as animal butter and margarines. In moderate consumption, dairy products, especially yoghurt and cheese, are found even on a daily basis, while consumption of fish and poultry (lean animal products) is recommended up to twice a week. Eggs can be eaten up to 4–7/week. Climbing up the food pyramid, there are foods which should be consumed on a monthly basis in small quantities, such as red meat. Alcohol accompanies each meal and if there is no other problem associated with its consumption then the safe recommended units are 2 glasses/day for men and 1 glass/day for women.', '1ca3f219-eb47-4abe-9ac6-cddf27559dff']"
"Foods to eat in moderation","sweets","['9', 'methods9', ' The two principal goals for intervention arms were a 5–10% weight loss and an increase in the level of adherence to the Mediterranean diet, i.e., a dietary pattern characterized by high consumption of olive oil, vegetables, legumes, whole grains, fruits and nuts, moderate consumption of poultry, fish and dairy products, low consumption of red meat products and sweets, and low-to-moderate consumption of wine as the main source of alcohol accompanying main meals (Supplemental Results Table S1) [22].', 'c93d98d2-7c8c-4f19-8d58-0533bd283ec8']"
"Foods to eat in moderation","alcohol","['2', 'introduction2', '  Characteristics of the Mediterranean diet The Mediterranean diet focuses on cereals (bread, oats, wholegrain cereals, groats), fruits, vegetables, nuts and legumes, whose consumption should be on a daily basis. These foods are rich in fiber and antioxidants (especially if they are seasonal). Consumption of olive oil replaces other forms of saturated fat, such as animal butter and margarines. In moderate consumption, dairy products, especially yoghurt and cheese, are found even on a daily basis, while consumption of fish and poultry (lean animal products) is recommended up to twice a week. Eggs can be eaten up to 4–7/week. Climbing up the food pyramid, there are foods which should be consumed on a monthly basis in small quantities, such as red meat. Alcohol accompanies each meal and if there is no other problem associated with its consumption then the safe recommended units are 2 glasses/day for men and 1 glass/day for women.', '1ca3f219-eb47-4abe-9ac6-cddf27559dff']"
"Foods to avoid","red meat","['9', 'methods9', ' The two principal goals for intervention arms were a 5–10% weight loss and an increase in the level of adherence to the Mediterranean diet, i.e., a dietary pattern characterized by high consumption of olive oil, vegetables, legumes, whole grains, fruits and nuts, moderate consumption of poultry, fish and dairy products, low consumption of red meat products and sweets, and low-to-moderate consumption of wine as the main source of alcohol accompanying main meals (Supplemental Results Table S1) [22].', 'c93d98d2-7c8c-4f19-8d58-0533bd283ec8']"
"Foods to avoid","sweets","['9', 'methods9', ' The two principal goals for intervention arms were a 5–10% weight loss and an increase in the level of adherence to the Mediterranean diet, i.e., a dietary pattern characterized by high consumption of olive oil, vegetables, legumes, whole grains, fruits and nuts, moderate consumption of poultry, fish and dairy products, low consumption of red meat products and sweets, and low-to-moderate consumption of wine as the main source of alcohol accompanying main meals (Supplemental Results Table S1) [22].', 'c93d98d2-7c8c-4f19-8d58-0533bd283ec8']"
"Foods to avoid","sugar-sweetened beverages","['6', 'methods3', ' Twelve of them with food consumption targets (olive oil as the principal source of fat for cooking, >3 tablespoons of olive oil/day, ≥2 serving/day of vegetables, ≥3 servings/day of fruit, <1 serving/day of red meat, <1 serving/day of butter or margarine, <1 serving/day of sugar-sweetened beverages, ≥1 cup/day of wine, ≥3 servings/week of legumes, ≥3 servings/week of fish, <2 servings/week of commercial pastry, ≥3 servings/week of nuts), and two additional items with targets for consumption habits characteristic of the Mediterranean diet in Spain: preference for white meat over red meat, and ≥2 times/week consumption of dishes with sofrito (a tomato sauce with garlic, onion, or leeks sautéed in olive oil). A value of +1 was assigned to each target achieved. A higher score indicates better Mediterranean diet adherence (range 0–14).', 'bb31a69f-45b9-4dfe-b6ca-0da309277c48']"
"Foods to avoid","commercial pastries","['6', 'methods3', ' Twelve of them with food consumption targets (olive oil as the principal source of fat for cooking, >3 tablespoons of olive oil/day, ≥2 serving/day of vegetables, ≥3 servings/day of fruit, <1 serving/day of red meat, <1 serving/day of butter or margarine, <1 serving/day of sugar-sweetened beverages, ≥1 cup/day of wine, ≥3 servings/week of legumes, ≥3 servings/week of fish, <2 servings/week of commercial pastry, ≥3 servings/week of nuts), and two additional items with targets for consumption habits characteristic of the Mediterranean diet in Spain: preference for white meat over red meat, and ≥2 times/week consumption of dishes with sofrito (a tomato sauce with garlic, onion, or leeks sautéed in olive oil). A value of +1 was assigned to each target achieved. A higher score indicates better Mediterranean diet adherence (range 0–14).', 'bb31a69f-45b9-4dfe-b6ca-0da309277c48']"
"Foods to avoid","animal fat","['8', 'methods4', ');  2 or more servings of vegetables/d;  3 or more pieces of fruit/d;  fewer than 1 serving of red meat or sausages/d;  fewer than 1 serving of animal fat/d;  fewer than 1 cup (1 cup =100\xa0mL) of sugar-sweetened beverages/d;  7 or more servings of red wine/wk.;  3 or more servings of pulses/wk.;  3 or more servings of fish/wk.;  fewer than 3 commercial pastries/wk.;  3 or more servings of nuts/wk.; or  2 or more servings/wk. of a dish with a traditional sauce of tomatoes, garlic, onion, or leeks sautéed in olive oil.   Table 1 Mediterranean Diet Adherence Screener (MEDAS) questions and transfer of food intake data from Food Frequency Questionnaire (FFQ) into its food groups  \tMediterranean Diet Adherence Screener (MEDAS) question\tdata recorded by Food Frequency Questionnaire (FFQ)\t 1.', '56a50f13-ca2f-45cd-b7b5-a6a0fc6d1f96']"
"Macros: Percent of Fat","30-35","['4', 'methods4', '  (2) The Mediterranean Diet–high meal frequency (MD-HMF) group, which was instructed to adhere to a Mediterranean Diet based on a distribution of macronutrients of 30%–35% fat (mainly mono- and poly-unsaturated fatty acids from extra virgin olive oil, nuts, and omega-3 containing foods), 25% protein (mainly from vegetable sources), and 40%–45% carbohydrates (50%–70% of the total carbohydrate intake should low on glycaemic index and rich in fiber). This diet was previously observed to reduce fat mass and overall weight and improve general oxidative stress in patients with the metabolic syndrome [16], providing high Total Antioxidant Capacity (Total Antioxidant Capacity (TAC)), and focused on the chronological distribution of meals, as factors, such as meal frequency and distribution could aid in reducing the feeling of hunger, thus improving compliance to an energy restricted dietary regime [17].', '931f94d8-43e1-47f6-9bf2-6a4388e92fc1']"
"Percent of Protein","15-20","['28', 'methods33', ' 55–60% carbohydrates (mainly complex ones)  25–30% polyunsaturated and monounsaturated fats  15–20% proteins  \tMediterranean diet Dietary intake measure: The adherence to the MD was evaluated by a score from 0 to 18 (0 minimal adherence; 18 greatest adherence) Normal weight controls followed a typical Mediterranean diet enriched with 40 g/die HQ-EVOO for three months. 55–60% carbohydrates, mainly complex ones  25–30% polyunsaturated and monounsaturated fats  15–20% proteins  \tData not available\t Thomazella et al. (2011)\tMediterranean diet Dietary intake measure: dietary intake questionnaires and validated adherence scores from 0-9 (9 indicating best adherence).', 'dc5d3d33-d84c-4ede-ac15-85ff9e7a34b9']"
"Percent of Carbs","50-55","['1', 'methods1', ' Intervention  Subjects were evaluated at baseline (T0) and after 12 months (T12) of a lifestyle intervention program. A trained pediatric endocrinologist and a nutritionist assessed the habitual diet and administered an isocaloric Mediterranean balanced diet (50–55% carbohydrates with less than 12% of sugars; 16–17% proteins; 28–32% fats with less than 10% saturated fats; fibers 8.5 g/1000 Kcal) according to Italian la Popolazione Italiana (LARN) Guidelines for age and gender [8]. Mediterranean food pyramid was explained together with the diet [9]. Two or more servings of fish and legumes per week and five of raw or cooked vegetables and fruits per day were recommended. Daily intake of nuts and extra-virgin olive oil was suggested, whereas that of processed foods, bakery, candies, trans-fats, and sugars was discouraged. Pictures of dishes were presented on booklets to each subject and their parents to educate to portion size and Kilocalories.', '0e852578-07ac-41cf-a7a4-4d04913737e9']"
