"Category","Advice","Source"
"Age range","46-55 years","pre-filled"
"Gender","Female","pre-filled"
"Lose/maintain/gain weight","Gain weight","pre-filled"
"Diet name","nordic diet","pre-filled"
"Health Pre-Condition","Anemia","pre-filled"
"Foods to increase consumption of","Whole-grain products","['12', 'methods9', '235 (2007) based on Danish National Food administration database, Denmark, and The Icelandic Food Composition Database (Icelandic Food Composition Database (ISGEM)), Iceland].  In the Healthy Nordic diet, the main emphasis was on food items such as whole-grain products, abundant use of berries, fruit and vegetables, rapeseed oil, three fish meals per week, low-fat dairy products and avoidance of sugar-sweetened products (Table 1). Key products were provided to the study participants in both groups. The participants in the Healthy Nordic diet group received whole-grain products, for example, various breads, berry products as frozen berries (e.g. strawberries, black currants, bilberries) and dried powder as well as dietary fats including rapeseed oil- and vegetable oil-based spreads. Local fruits (not provided) were mostly apples, pears and plums. Furthermore, either fish was directly provided or the expenses for consuming fish were covered to the study participants.', 'a9eaa0c0-d7a8-4872-9fa9-67d59fd6452e']"
"Foods to increase consumption of","Berries","['12', 'methods9', '235 (2007) based on Danish National Food administration database, Denmark, and The Icelandic Food Composition Database (Icelandic Food Composition Database (ISGEM)), Iceland].  In the Healthy Nordic diet, the main emphasis was on food items such as whole-grain products, abundant use of berries, fruit and vegetables, rapeseed oil, three fish meals per week, low-fat dairy products and avoidance of sugar-sweetened products (Table 1). Key products were provided to the study participants in both groups. The participants in the Healthy Nordic diet group received whole-grain products, for example, various breads, berry products as frozen berries (e.g. strawberries, black currants, bilberries) and dried powder as well as dietary fats including rapeseed oil- and vegetable oil-based spreads. Local fruits (not provided) were mostly apples, pears and plums. Furthermore, either fish was directly provided or the expenses for consuming fish were covered to the study participants.', 'a9eaa0c0-d7a8-4872-9fa9-67d59fd6452e']"
"Foods to increase consumption of","Fruit","['12', 'methods9', '235 (2007) based on Danish National Food administration database, Denmark, and The Icelandic Food Composition Database (Icelandic Food Composition Database (ISGEM)), Iceland].  In the Healthy Nordic diet, the main emphasis was on food items such as whole-grain products, abundant use of berries, fruit and vegetables, rapeseed oil, three fish meals per week, low-fat dairy products and avoidance of sugar-sweetened products (Table 1). Key products were provided to the study participants in both groups. The participants in the Healthy Nordic diet group received whole-grain products, for example, various breads, berry products as frozen berries (e.g. strawberries, black currants, bilberries) and dried powder as well as dietary fats including rapeseed oil- and vegetable oil-based spreads. Local fruits (not provided) were mostly apples, pears and plums. Furthermore, either fish was directly provided or the expenses for consuming fish were covered to the study participants.', 'a9eaa0c0-d7a8-4872-9fa9-67d59fd6452e']"
"Foods to increase consumption of","Vegetables","['12', 'methods9', '235 (2007) based on Danish National Food administration database, Denmark, and The Icelandic Food Composition Database (Icelandic Food Composition Database (ISGEM)), Iceland].  In the Healthy Nordic diet, the main emphasis was on food items such as whole-grain products, abundant use of berries, fruit and vegetables, rapeseed oil, three fish meals per week, low-fat dairy products and avoidance of sugar-sweetened products (Table 1). Key products were provided to the study participants in both groups. The participants in the Healthy Nordic diet group received whole-grain products, for example, various breads, berry products as frozen berries (e.g. strawberries, black currants, bilberries) and dried powder as well as dietary fats including rapeseed oil- and vegetable oil-based spreads. Local fruits (not provided) were mostly apples, pears and plums. Furthermore, either fish was directly provided or the expenses for consuming fish were covered to the study participants.', 'a9eaa0c0-d7a8-4872-9fa9-67d59fd6452e']"
"Foods to increase consumption of","Rapeseed oil","['12', 'methods9', '235 (2007) based on Danish National Food administration database, Denmark, and The Icelandic Food Composition Database (Icelandic Food Composition Database (ISGEM)), Iceland].  In the Healthy Nordic diet, the main emphasis was on food items such as whole-grain products, abundant use of berries, fruit and vegetables, rapeseed oil, three fish meals per week, low-fat dairy products and avoidance of sugar-sweetened products (Table 1). Key products were provided to the study participants in both groups. The participants in the Healthy Nordic diet group received whole-grain products, for example, various breads, berry products as frozen berries (e.g. strawberries, black currants, bilberries) and dried powder as well as dietary fats including rapeseed oil- and vegetable oil-based spreads. Local fruits (not provided) were mostly apples, pears and plums. Furthermore, either fish was directly provided or the expenses for consuming fish were covered to the study participants.', 'a9eaa0c0-d7a8-4872-9fa9-67d59fd6452e']"
"Foods to increase consumption of","Fish","['12', 'methods9', '235 (2007) based on Danish National Food administration database, Denmark, and The Icelandic Food Composition Database (Icelandic Food Composition Database (ISGEM)), Iceland].  In the Healthy Nordic diet, the main emphasis was on food items such as whole-grain products, abundant use of berries, fruit and vegetables, rapeseed oil, three fish meals per week, low-fat dairy products and avoidance of sugar-sweetened products (Table 1). Key products were provided to the study participants in both groups. The participants in the Healthy Nordic diet group received whole-grain products, for example, various breads, berry products as frozen berries (e.g. strawberries, black currants, bilberries) and dried powder as well as dietary fats including rapeseed oil- and vegetable oil-based spreads. Local fruits (not provided) were mostly apples, pears and plums. Furthermore, either fish was directly provided or the expenses for consuming fish were covered to the study participants.', 'a9eaa0c0-d7a8-4872-9fa9-67d59fd6452e']"
"Foods to increase consumption of","Low-fat dairy products","['12', 'methods9', '235 (2007) based on Danish National Food administration database, Denmark, and The Icelandic Food Composition Database (Icelandic Food Composition Database (ISGEM)), Iceland].  In the Healthy Nordic diet, the main emphasis was on food items such as whole-grain products, abundant use of berries, fruit and vegetables, rapeseed oil, three fish meals per week, low-fat dairy products and avoidance of sugar-sweetened products (Table 1). Key products were provided to the study participants in both groups. The participants in the Healthy Nordic diet group received whole-grain products, for example, various breads, berry products as frozen berries (e.g. strawberries, black currants, bilberries) and dried powder as well as dietary fats including rapeseed oil- and vegetable oil-based spreads. Local fruits (not provided) were mostly apples, pears and plums. Furthermore, either fish was directly provided or the expenses for consuming fish were covered to the study participants.', 'a9eaa0c0-d7a8-4872-9fa9-67d59fd6452e']"
"Foods to eat in moderation","Lean meat","['19', 'results8', '  Table 3 Proportions meeting the quantitative recommendations incorporated in the official Norwegian food-based dietary guidelines, according to New Nordic Diet (NND) adherence  \t\tDegree of New Nordic Diet (NND) adherence\t\t \t\t  \t\t \t\tLow (n=17)\tMedium (n=23)\tHigh (n=25)\t\t \t\t  \t\t Quantitative dietary recommendations\tBehavior required for scoring\t% adhering to recommendation\t% adhering to recommendation\t% adhering to recommendation\t p*\t 3: ‘Eat at least five portions of vegetables, fruits, and berries every day’† \t>500 g/day\t29\t35\t48\t0.43\t 4: ‘Eat whole grains every day’\t>70 g/day (women) >90 g/day (men)\t35\t35\t40\t0.92\t 5: ‘Eat fish for dinner two to three times a week and preferably also as toppings’‡ \t>43 g/day\t29\t39\t48\t0.48\t 6: ‘Choose lean meat and lean meat products. Limit the amount of processed meat and read meat§’\t<107 g/day\t29\t61\t68\t0.04\t 9: ‘Choose foods containing little salt, and limit the use of salt for cooking’.\t<6 g salt (NaCl) per day\t24\t39\t36\t0.', '649643a5-5ce5-4825-916e-79875302d464']"
"Foods to avoid","Sugar-rich foods and beverages","['20', 'results9', '56\t 10: ‘Avoid sugar rich foods and beverages for everyday use’.\t<10 E% sugar/day\t88\t87\t96\t0.51\t New Nordic Diet (NND), New Nordic Diet.  * Proportions were calculated using chi-square.  † For those with an average intake of at least 100 g of fruit juice, 100 g of juice were included.  ‡ Includes lean fish, fatty fish, fish products, and selected fish toppings.  § Includes lean, red meat (unprocessed), ground meat, and processed meat (salted meat, minced meat, sandwich meat, and liver paste). ', '73aa275c-4ea3-4b59-8467-8bf6b5e726f4']"
"Macros: Percent of Fat","25","['8', 'methods5', ' For the remaining 5 days of the week, they received instructions and recipes that followed the Nordic Nutrition Recommendations 2012 (Nordic Nutrition Recommendations 2012 (NNR)),18 with an intake limit of 2,000\xa0kcal/day for women and 2,400\xa0kcal/day for men. The average daily calorie intake over a week was set to 1,600\xa0kcal/day for women and 1,900\xa0kcal/day for men. The percentage of energy (E%) from different macronutrients in the recipes was 45–60 E% carbohydrates, 25 E% fat and 10–20 E% protein. The macronutrient composition of the Nordic Nutrition Recommendations 2012 (NNR) shares its principles with the Mediterranean diet but is adapted to local products and traditions in the Nordic countries.18  The low carb high fat diet (LCHF) diet  Participants were instructed to consume an average daily calorie intake of 1,600\xa0kcal/day for women and 1,900\xa0kcal/day for men. Carbohydrate intake was restricted to a maximum of 10% of the total energy intake.', 'a767ea73-9658-4a97-a7d1-6b88040b06f5']"
"Percent of Protein","18.1","['6', 'results0', 'The New Nordic Diet (NND) compared to Average Danish Diet (ADD) was higher in dietary fiber (43.3 vs 28.6\u2009g/10MJ), higher in protein (18.1 vs 16.4%), lower in fat (30.4 vs 33.8%) (all P<0.001) without differing in available carbohydrates (46.4 vs 45.3% P=0.081).  No differences in baseline characteristics were found between individuals characterized as high and low P/B (all P⩾0.09) (Table 1). Among individuals with a high P/B ratio, the New Nordic Diet (NND) diet resulted in a 3.15\u2009kg (95% CI: 1.55; 4.76, P<0.001) larger body fat loss compared to Average Danish Diet (ADD) after 26 weeks, whereas no difference in body fat loss was observed between New Nordic Diet (NND) and Average Danish Diet (ADD) among individuals with low P/B (0.88\u2009kg (95% CI: −0.61; 2.37, P=0.25)). Consequently, a 2.27\u2009kg (95% CI: 0.09; 4.45, P=0.041) difference in responsiveness to the diets was found between the P/B groups, which came from difference in response to New Nordic Diet (NND) (P=0.', '6dc41b86-88ab-4b56-b5e3-bd222066a713']"
"Percent of Carbs","56.9","['6', 'results0', 'The New Nordic Diet (NND) compared to Average Danish Diet (ADD) was higher in dietary fiber (43.3 vs 28.6\u2009g/10MJ), higher in protein (18.1 vs 16.4%), lower in fat (30.4 vs 33.8%) (all P<0.001) without differing in available carbohydrates (46.4 vs 45.3% P=0.081).  No differences in baseline characteristics were found between individuals characterized as high and low P/B (all P⩾0.09) (Table 1). Among individuals with a high P/B ratio, the New Nordic Diet (NND) diet resulted in a 3.15\u2009kg (95% CI: 1.55; 4.76, P<0.001) larger body fat loss compared to Average Danish Diet (ADD) after 26 weeks, whereas no difference in body fat loss was observed between New Nordic Diet (NND) and Average Danish Diet (ADD) among individuals with low P/B (0.88\u2009kg (95% CI: −0.61; 2.37, P=0.25)). Consequently, a 2.27\u2009kg (95% CI: 0.09; 4.45, P=0.041) difference in responsiveness to the diets was found between the P/B groups, which came from difference in response to New Nordic Diet (NND) (P=0.', '6dc41b86-88ab-4b56-b5e3-bd222066a713']"
